Ruairi,Gallagher,rjgallag,rjgallag@nscu.edu,wengoknewkfnwel,14
Kergan,Sanderson,kasande4,kasande4@ncsu.edu,djwklfnwlkefnkwe,15
Dreese,Abdelilah,dabdeli,dabdeli@ncsu.edu,kwenlfnwelkfnwelk,12
Jymon,Ross,jross5,jross5@ncsu.edu,dkjewfknewkewl,13
Carlos,Sanchez,casanch3,casanch3@ncsu.edu,kfngkrenglknreg,9
Juanjo,Espinosa,jjespin2,jjespin2@ncsu.edu,lknergknreflkewn,6
Selin,Yalcin,syalcin,syalcin@ncsu.edu,kwneglknewlkfnw,5
Evan,Garcia,emgarci5,emgarci5@ncsu.edu,dpowemdwkemdpow,17